{
  "dataset_size": 75000,
  "train_size": 51000,
  "val_size": 9000,
  "test_size": 15000,
  "epochs": 200,
  "lr": 0.001,
  "batch_size": 256,
  "best_val_f1": 1.0,
  "test_f1": 1.0,
  "training_time_s": 32.71585988998413,
  "total_weights": 6240,
  "quantization_agreement": 0.3280666666666667
}